{"metadata":{"asset_id":"8d3bc76f-c8f4-488f-86c9-7b501e4355b8","asset_attributes":["notebook"],"name":"Learning","asset_type":"notebook","created_at":"2023-02-12T18:02:34Z","description":"","origin_country":"us","owner_id":"IBMid-667000OYBT","project_id":"68cbac09-8f39-4271-a494-79c5ceb0722d","size":1568,"tags":["notebook"],"usage":{"last_update_time":1676422328457,"last_updated_at":"2023-02-15T00:52:08Z"}},"entity":{"notebook":{"kernel":{"name":"python3","display_name":"Python 3.10","language":"python"},"originates_from":{"type":"blank"},"runtime":{"environment":"rt222pys2-68cbac09-8f39-4271-a494-79c5ceb0722d"}}},"attachments":[{"id":"9b5efb74-70ec-4d0b-96c7-01e57525a3cf","version":2,"asset_type":"notebook","name":"attachment for notebook 8d3bc76f-c8f4-488f-86c9-7b501e4355b8","description":"attachment for notebook 8d3bc76f-c8f4-488f-86c9-7b501e4355b8","mime":"application/json","datasource_type":"193a97c1-4475-4a19-b90c-295c4fdc6517","object_key":"notebook/Learning_oOxM9Zq9J.ipynb","creator_id":"IBMid-667000OYBT","create_time":1676224955623,"size":1568,"is_remote":false,"is_managed":false,"is_referenced":true,"is_object_key_read_only":false,"is_user_provided_path_key":true,"transfer_complete":true,"is_partitioned":false,"complete_time_ticks":1676224955623,"user_data":{},"test_doc":0,"handle":{"bucket":"watson1-donotdelete-pr-ypq84mrr0shhza","location":"eu-geo","type":"bluemix_cos","key":"notebook/Learning_oOxM9Zq9J.ipynb","upload_id":"done","max_part_num":1},"usage":{"access_count":25,"last_accessor_id":"IBMid-667000OYBT","last_access_time":1676422273267,"last_updater_id":"IBMid-667000OYBT","last_update_time":1676422273267}}]}
